{"cameraMode":{"drawMode":3,"name":"Shadow Cascades","section":"Miscellaneous"},"sceneLighting":true,"audioPlay":false,"sceneViewState":{"showFog":true,"showMaterialUpdate":true,"showSkybox":true,"showFlares":true,"showImageEffects":true,"showParticleSystems":true},"in2DMode":false,"pivot":{"x":533.3590698242188,"y":150.77603149414063,"z":-1.5219988822937012},"rotation":{"x":-0.1743191033601761,"y":-0.08055005222558975,"z":0.014309137128293515,"w":-0.9812854528427124},"size":164.7097625732422,"orthographic":false}